attribute_text,company_href,company_name,companytype_text,job_href,job_name,jobwelf,providesalary_text,updatedate,workarea_text
"深圳-南山区,无需经验,大专,招若干人",https://jobs.51job.com/all/co6135245.html,深圳市妙酷软件科技有限公司,民营公司,https://jobs.51job.com/shenzhen-nsq/126152755.html?s=01&t=0,(急聘) python爬虫开发工程师,五险一金 餐补补贴 住房补贴 专业培训 绩效奖金 年底双薪 弹性工作 员工旅游 定期体检 下午茶,4.5-6千/月,12-16,深圳-南山区
"深圳-南山区,大专,招1人",https://jobs.51job.com/all/co5489755.html,深圳市宇达计算机有限公司,民营公司,https://jobs.51job.com/shenzhen-nsq/113945968.html?s=01&t=0,Python开发工程师/前端/爬虫,餐饮补贴 通讯补贴 绩效奖金 年终奖金 股票期权,4.5-6千/月,12-16,深圳-南山区
"异地招聘,2年经验,大专,招2人",https://jobs.51job.com/all/co3473290.html,深圳中电国际信息科技有限公司,国企,https://jobs.51job.com/dongguan/125914049.html?s=01&t=0,Java/python爬虫工程师,五险一金 补充医疗保险 通讯补贴 专业培训 绩效奖金 定期体检 节日福利 年终奖金,1-1.5万/月,12-16,异地招聘
"深圳,2年经验,本科,招1人",https://jobs.51job.com/all/co3793986.html,深圳市迈维智视科技有限公司,民营公司,https://jobs.51job.com/shenzhen/123756552.html?s=01&t=0,Python 爬虫开发工程师,五险一金 年终奖金 绩效奖金 定期体检 带薪年假,1.2-2万/月,12-16,深圳
"深圳-福田区,3-4年经验,本科,招1人",https://jobs.51job.com/all/co3541593.html,深圳华秋电子有限公司,民营公司,https://jobs.51job.com/shenzhen-ftq/124441963.html?s=01&t=0,Python爬虫工程师,五险一金 年终奖金 绩效奖金 专业培训 全勤奖 节日福利 弹性工作 带薪年假,1.5-1.8万/月,12-16,深圳-福田区
"深圳-南山区,无需经验,大专,招6人",https://jobs.51job.com/all/co6113880.html,成都优格瑞得科技有限公司,民营公司,https://jobs.51job.com/shenzhen-nsq/126221383.html?s=01&t=0,python爬虫工程师（双休+14薪）,五险一金 绩效奖金 项目奖金 弹性工作 周末双休 员工旅游 大牛带队 14薪,4-8千/月,12-16,深圳-南山区
"深圳,3-4年经验,本科,招2人",https://jobs.51job.com/all/co1323936.html,深圳市中正国际物流有限公司,民营公司,https://jobs.51job.com/shenzhen/126963353.html?s=01&t=0,Python高级爬虫工程师,五险一金 专业培训 员工旅游 补充医疗保险 年终奖金 绩效奖金,1-3万/月,12-15,深圳
"深圳-南山区,本科,招若干人",https://jobs.51job.com/all/co107407.html,慧科讯业（北京）网络科技有限公司,外资（非欧美）,https://jobs.51job.com/shenzhen-nsq/113955633.html?s=01&t=0,Python 爬虫工程师,周末双休 带薪年假 五险一金 专业培训 节日福利,0.7-1.4万/月,12-15,深圳-南山区
"深圳,3-4年经验,本科,招1人",https://jobs.51job.com/all/co2995636.html,深圳市捷晶能源科技有限公司,民营公司,https://jobs.51job.com/shenzhen/127648518.html?s=01&t=0,Python爬虫工程师,五险一金 节日福利 专业培训 年度体检 年终奖金 周末双休 餐饮补贴,0.8-1.5万/月,12-15,深圳
"深圳-福田区,2年经验,大专,招1人",https://jobs.51job.com/all/co11915.html,深圳市百能信息技术有限公司,民营公司,https://jobs.51job.com/shenzhen-ftq/124463376.html?s=01&t=0,python爬虫,五险一金 员工旅游 绩效奖金 年终奖金,2-2.5万/月,12-10,深圳-福田区
"深圳-南山区,无需经验,大专,招若干人",https://jobs.51job.com/all/co6059210.html,成都巴迪巴迪网络科技有限公司,民营公司,https://jobs.51job.com/shenzhen-nsq/125125514.html?s=01&t=0,(急聘) python爬虫开发工程师,五险一金 餐补补贴 住房补贴 专业培训 绩效奖金 年底双薪 弹性工作 员工旅游 定期体检 下午茶,4-8千/月,12-09,深圳-南山区
"深圳-南山区,在校生/应届生,大专,招若干人",https://jobs.51job.com/all/co5647754.html,明哲,民营公司,https://jobs.51job.com/shenzhen-nsq/122589306.html?s=01&t=0,Python后端/爬虫（可应届）,,0.8-1.2万/月,12-09,深圳-南山区
"深圳-南山区,1年经验,大专,招3人",https://jobs.51job.com/all/co5605417.html,成都龙捷科技有限公司,民营公司,https://jobs.51job.com/shenzhen-nsq/122877317.html?s=01&t=0,python爬虫工程师,五险一金 餐补补贴 住房补贴 专业培训 绩效奖金 年底双薪 弹性工作 员工旅游 定期体检 下午茶,0.7-1.1万/月,12-09,深圳-南山区
"深圳-南山区,无需经验,大专,招若干人",https://jobs.51job.com/all/co5755443.html,深圳诚宝科技,民营公司,https://jobs.51job.com/shenzhen-nsq/124176569.html?s=01&t=0,(急聘) python爬虫开发工程师,五险一金 餐补补贴 住房补贴 专业培训 绩效奖金 年底双薪 弹性工作 员工旅游 定期体检 下午茶,4-8千/月,12-09,深圳-南山区
"深圳-南山区,1年经验,本科,招1人",https://jobs.51job.com/all/co3657088.html,深圳数位传媒科技有限公司,民营公司,https://jobs.51job.com/shenzhen-nsq/125182362.html?s=01&t=0,python爬虫工程师,股票期权 弹性工作 定期体检 员工旅游 专业培训 五险一金 大牛团队 年终奖金 14薪起,1.5-2万/月,11-25,深圳-南山区
"深圳-福田区,在校生/应届生,大专,招5人",https://jobs.51job.com/all/co6021458.html,陕西先秦网络科技有限责任公司,民营公司,https://jobs.51job.com/shenzhen-ftq/126361639.html?s=01&t=0,急聘python爬虫实习生,五险一金 补充医疗保险 补充公积金 员工旅游 餐饮补贴 交通补贴 绩效奖金 年终奖金 弹性工作 定期体检,0.8-1万/月,11-13,深圳-福田区
"深圳-龙华区,3-4年经验,大专,招2人",https://jobs.51job.com/all/co4715833.html,深圳市卖家成长网络科技有限公司,民营公司,https://jobs.51job.com/shenzhen-lhq/126603198.html?s=01&t=0,python爬虫工程师,五险一金 专业培训 绩效奖金 员工旅游 定期体检 节日福利,1.5-2万/月,11-11,深圳-龙华区
"深圳-龙华区,3-4年经验,本科,招2人",https://jobs.51job.com/all/co2137051.html,深圳市英驰贸易科技有限公司,民营公司,https://jobs.51job.com/shenzhen-lhq/122500304.html?s=01&t=0,python爬虫工程师,,1.5-2万/月,11-11,深圳-龙华区
"深圳-南山区,5-7年经验,本科,招2人",https://jobs.51job.com/all/co6167196.html,深圳市优伟同创科技有限公司,民营公司,https://jobs.51job.com/shenzhen-nsq/126714076.html?s=01&t=0,Python开发/爬虫工程师,,2-4万/月,11-08,深圳-南山区
"深圳-罗湖区,3-4年经验,本科,招2人",https://jobs.51job.com/all/co4232910.html,深圳通达天下国际旅行社有限公司,民营公司,https://jobs.51job.com/shenzhen-lhq/106935961.html?s=01&t=0,Python爬虫开发工程师,五险一金 带薪年假 员工旅游 周末双休,1-1.5万/月,10-19,深圳-罗湖区
"深圳,本科,招若干人",https://jobs.51job.com/all/co6094977.html,深圳市宝能投资集团有限公司,上市公司,https://jobs.51job.com/shenzhen/125922838.html?s=01&t=0,Python开发岗,,,12-16,深圳
"深圳-福田区,1年经验,招2人",https://jobs.51job.com/all/co5757758.html,首影科技（深圳）有限公司,民营公司,https://jobs.51job.com/shenzhen-ftq/123899378.html?s=01&t=0,Python开发工程师,,0.8-1.6万/月,12-16,深圳-福田区
"深圳-福田区,3-4年经验,本科,招若干人",https://jobs.51job.com/all/co3132608.html,深圳市德科信息技术有限公司,合资,https://jobs.51job.com/shenzhen-ftq/126739616.html?s=01&t=0,Python开发工程师,五险一金 周末双休 绩效奖金 年终奖金 补充商业险 员工旅游,1-1.5万/月,12-16,深圳-福田区
"深圳,3-4年经验,大专,招2人",https://jobs.51job.com/all/co5218066.html,深圳弘广商科技有限公司,民营公司,https://jobs.51job.com/shenzhen/126075644.html?s=01&t=0,Python开发工程师,补充公积金 员工旅游 年终奖金 绩效奖金 出国机会 交通补贴 餐饮补贴 弹性工作 双休,2-3.5万/月,12-16,深圳
"深圳-龙岗区,5-7年经验,本科,招1人",https://jobs.51job.com/all/co4112809.html,深圳优匠教育科技有限公司,民营公司,https://jobs.51job.com/shenzhen-lgq/127479268.html?s=01&t=0,Python高级开发工程师,节日福利 绩效奖金 带薪年假 社保,1.5-3万/月,12-16,深圳-龙岗区
"深圳-坪山区,1年经验,大专,招1人",https://jobs.51job.com/all/co2561430.html,祐富百胜宝电器（深圳）有限公司,外资（非欧美）,https://jobs.51job.com/shenzhen-psq/124922579.html?s=01&t=0,Python开发工程师,五险一金 餐饮补贴 专业培训 绩效奖金,0.7-1.5万/月,12-16,深圳-坪山区
"异地招聘,2年经验,大专,招3人",https://jobs.51job.com/all/co6169561.html,深圳市汇泉教育科技有限责任公司,民营公司,https://jobs.51job.com/jinan-lxq/126670671.html?s=01&t=0,Python开发工程师,,0.7-1万/月,12-16,异地招聘
"深圳-南山区,1年经验,本科,招1人",https://jobs.51job.com/all/co3705062.html,智高点知识产权集团有限公司,民营公司,https://jobs.51job.com/shenzhen-nsq/124058880.html?s=01&t=0,Python开发工程师,五险一金 专业培训 弹性工作 绩效奖金 股票期权,0.8-1万/月,12-15,深圳-南山区
"深圳,3-4年经验,本科,招1人",https://jobs.51job.com/all/co2579597.html,深圳中泓在线股份有限公司,上市公司,https://jobs.51job.com/shenzhen/110494996.html?s=01&t=0,高级爬虫工程师,五险一金 员工旅游 交通补贴 年终奖金 绩效奖金 股票期权,1.5-2.5万/月,12-15,深圳
"深圳-南山区,3-4年经验,本科,招1人",https://jobs.51job.com/all/co5989826.html,深圳市凯天达科技有限公司,民营公司,https://jobs.51job.com/shenzhen-nsq/124054903.html?s=01&t=0,Python开发工程师,,1-2万/月,12-15,深圳-南山区
"深圳-福田区,在校生/应届生,大专,招1人",https://jobs.51job.com/all/co5863971.html,深圳市成兴泰货运代理有限公司,民营公司,https://jobs.51job.com/shenzhen-ftq/127171927.html?s=01&t=0,python开发,五险一金 餐饮补贴 交通补贴 年终奖金 绩效奖金 定期体检 补充公积金 补充医疗保险 员工旅游,3.5-5千/月,12-15,深圳-福田区
"深圳-南山区,2年经验,大专,招2人",https://jobs.51job.com/all/co4784710.html,深圳市捷兴电子商务有限公司,民营公司,https://jobs.51job.com/shenzhen-nsq/117611929.html?s=01&t=0,python开发,,2-3.5万/月,12-15,深圳-南山区
"深圳,3-4年经验,本科,招1人",https://jobs.51job.com/all/co2829670.html,深圳市万全智策企业管理咨询服务股份有限公司,民营公司,https://jobs.51job.com/shenzhen/124894861.html?s=01&t=0,Python开发工程师,五险一金 员工旅游 绩效奖金 餐饮补贴 专业培训 年终奖金 下午茶 生日会,1-1.5万/月,12-15,深圳
"深圳-福田区,无需经验,大专,招3人",https://jobs.51job.com/all/co6088510.html,西安美品汇网络科技有限公司,民营公司,https://jobs.51job.com/shenzhen-ftq/125986166.html?s=01&t=0,Python实习生+双休96制,包吃 五险一金 包三餐 包住宿 弹性工作 周末双休 带薪年假 绩效奖金 交通补贴 加班补贴,7-9千/月,12-15,深圳-福田区
"深圳-龙华区,无需经验,大专,招4人",https://jobs.51job.com/all/co6175896.html,西安华谊兄弟影视文化传播有限公司,上市公司,https://jobs.51job.com/shenzhen-lhq/127097986.html?s=01&t=0,JAVA爬虫技术工程师,五险一金 出国机会 弹性工作 年终奖金 交通补贴 餐饮补贴 员工旅游 绩效奖金 定期体检 免费班车,0.8-1万/月,12-15,深圳-龙华区
"深圳-宝安区,3-4年经验,本科,招1人",https://jobs.51job.com/all/co4248782.html,深圳市启高启辰科技有限公司,民营公司,https://jobs.51job.com/shenzhen-baq/127551601.html?s=01&t=0,爬虫开发工程师,带薪年假 五险一金 绩效奖金 节日福利 专业培训 补充公积金 年终奖金,1-1.5万/月,12-15,深圳-宝安区
"深圳-龙岗区,5-7年经验,大专,招2人",https://jobs.51job.com/all/co642199.html,马衡达信息技术（上海）有限公司,外资（非欧美）,https://jobs.51job.com/shenzhen-lgq/123931992.html?s=01&t=0,Python高级开发工程师,五险一金 补充医疗保险 年终奖金 定期体检,1.5-2.5万/月,12-15,深圳-龙岗区
"深圳-南山区,3-4年经验,大专,招3人",https://jobs.51job.com/all/co4985114.html,深圳市墨者安全科技有限公司,民营公司,https://jobs.51job.com/shenzhen-nsq/126721088.html?s=01&t=0,爬虫开发工程师,五险一金 员工旅游 年终奖金 弹性工作 定期体检 绩效奖金,1-2万/月,12-15,深圳-南山区
"深圳-龙华区,3-4年经验,本科,招1人",https://jobs.51job.com/all/co5942838.html,奕帆信息科技（深圳）有限公司,民营公司,https://jobs.51job.com/shenzhen-lhq/123252950.html?s=01&t=0,爬虫开发工程师,,1-1.5万/月,12-15,深圳-龙华区
"深圳-龙岗区,3-4年经验,大专,招1人",https://jobs.51job.com/all/co2726119.html,深圳谱程未来科技有限公司,民营公司,https://jobs.51job.com/shenzhen-lgq/127572740.html?s=01&t=0,爬虫工程师,周末双休 五险一金 员工旅游 专业培训 绩效奖金 年终奖金 定期体检 加班补贴 全勤奖 岗位晋升,1-1.5万/月,12-15,深圳-龙岗区
"深圳-龙岗区,3-4年经验,大专,招1人",https://jobs.51job.com/all/co4948420.html,深圳市吉星时代科技有限公司,民营公司,https://jobs.51job.com/shenzhen-lgq/125953901.html?s=01&t=0,爬虫工程师,年终奖金 带薪年假 全勤奖 绩效奖金 节日福利 团队奖金 不定时聚餐 下午茶 五险一金,0.8-1.5万/月,12-15,深圳-龙岗区
"深圳-龙岗区,3-4年经验,本科,招1人",https://jobs.51job.com/all/co4642973.html,深圳市海拓创新科技有限公司,民营公司,https://jobs.51job.com/shenzhen-lgq/126532860.html?s=01&t=0,Python开发工程师,绩效奖金 节日福利 全勤奖 年终奖金 下午茶,1.2-1.6万/月,12-15,深圳-龙岗区
"深圳,3-4年经验,大专,招3人",https://jobs.51job.com/all/co5747422.html,深圳市达熙科技有限公司,民营公司,https://jobs.51job.com/shenzhen/119656715.html?s=01&t=0,高级Python开发工程师,,2-3.5万/月,12-15,深圳
"深圳,2年经验,大专,招若干人",https://jobs.51job.com/all/co3352286.html,成都迈思信息技术有限公司,民营公司,https://jobs.51job.com/shenzhen/102884773.html?s=01&t=0,爬虫开发工程师（会java）,五险一金 年终奖金 员工旅游 节日福利 周末双休,1-1.5万/月,12-15,深圳
"深圳-福田区,3-4年经验,本科,招2人",https://jobs.51job.com/all/co3902671.html,北京腾信软创科技股份有限公司,上市公司,https://jobs.51job.com/shenzhen-ftq/127088231.html?s=01&t=0,爬虫工程师,五险一金 员工旅游 餐饮补贴 股票期权,1.5-2万/月,12-15,深圳-福田区
"深圳-福田区,2年经验,本科,招2人",https://jobs.51job.com/all/co3414567.html,深圳市道合顺电子科技有限公司,民营公司,https://jobs.51job.com/shenzhen-ftq/123841233.html?s=01&t=0,网络爬虫工程师,五险一金 职级晋升体系,1-2万/月,12-16,深圳-福田区
"深圳-福田区,5-7年经验,本科,招1人",https://jobs.51job.com/all/co2589009.html,深圳市缘力胜科技有限公司,民营公司,https://jobs.51job.com/shenzhen-ftq/127026495.html?s=01&t=0,Python高级开发工程师,五险一金 年终奖金 补充医疗保险,1.3-2万/月,12-15,深圳-福田区
"深圳-龙华区,3-4年经验,本科,招若干人",https://jobs.51job.com/all/co5185991.html,深圳市爱图仕影像器材有限公司,民营公司,https://jobs.51job.com/shenzhen-lhq/122870167.html?s=01&t=0,python后台开发,五险一金 员工旅游 餐饮补贴 年终奖金 绩效奖金 定期体检 项目奖金,1-1.2万/月,12-15,深圳-龙华区
"深圳-龙华区,3-4年经验,本科,招1人",https://jobs.51job.com/all/co5840472.html,跨税云（深圳）科技有限公司,民营公司,https://jobs.51job.com/shenzhen-lhq/127259649.html?s=01&t=0,Python开发工程师,五险一金 节日福利 专业培训 加班补贴 带薪年假 下午茶 晋升快,1.5-2万/月,12-15,深圳-龙华区
"深圳-宝安区,无需经验,大专,招4人",https://jobs.51job.com/all/co6209417.html,陕西百邦智人力资源有限公司,民营公司,https://jobs.51job.com/shenzhen-baq/127237319.html?s=01&t=0,Python开发工程师/无经验,五险一金 补充公积金 免费班车 员工旅游 出国机会 绩效奖金 年终奖金 弹性工作 定期体检 餐饮补贴,7-9千/月,12-15,深圳-宝安区
"深圳-龙华区,无需经验,大专,招5人",https://jobs.51job.com/all/co6058440.html,深圳市尚道咨询管理有限公司,民营公司,https://jobs.51job.com/shenzhen-lhq/125186850.html?s=01&t=0,游戏测试工程师7K起,五险一金 弹性工作 年终奖金,0.7-1.2万/月,10-23,深圳-龙华区
"深圳-南山区,无需经验,大专,招3人",https://jobs.51job.com/all/co6058440.html,深圳市尚道咨询管理有限公司,民营公司,https://jobs.51job.com/shenzhen-nsq/125186745.html?s=01&t=0,游戏测试工程师7K起,五险一金 弹性工作 年终奖金,0.8-1万/月,10-23,深圳-南山区
"深圳-南山区,无需经验,大专,招4人",https://jobs.51job.com/all/co6113880.html,成都优格瑞得科技有限公司,民营公司,https://jobs.51job.com/shenzhen-nsq/126235845.html?s=01&t=0,大数据开发工程师（双休+14薪）,五险一金 绩效奖金 项目奖金 14薪 弹性工作 周末双休 员工旅游 大牛带队,4-8千/月,12-16,深圳-南山区
"深圳-南山区,在校生/应届生,本科,招1人",https://jobs.51job.com/all/co3959872.html,华夏城视网络电视股份有限公司,国企,https://jobs.51job.com/shenzhen-nsq/124546936.html?s=01&t=0,PHP开发实习,实习协议 工作餐 意外险 电视台平台 或有住宿,1-1.6千/月,12-15,深圳-南山区
"深圳-南山区,3-4年经验,本科,招1人",https://jobs.51job.com/all/co2578551.html,慧择网,上市公司,https://jobs.51job.com/shenzhen-nsq/126652696.html?s=01&t=0,商业分析师（数据方向） (MJ000326),,1.5-2.5万/月,12-16,深圳-南山区
"深圳-南山区,在校生/应届生,本科,招2人",https://jobs.51job.com/all/co4405329.html,深圳格隆汇信息科技有限公司,创业公司,https://jobs.51job.com/shenzhen-nsq/126664183.html?s=01&t=0,nodejs实习生,,2-3千/月,12-16,深圳-南山区
"深圳,3-4年经验,本科,招1人",https://jobs.51job.com/all/co123056.html,深圳市腾讯计算机系统有限公司,民营公司,https://jobs.51job.com/shenzhen/119874753.html?s=01&t=0,21882-腾讯医疗搜索后台开发,,,12-16,深圳
"深圳-南山区,1年经验,本科,招若干人",https://jobs.51job.com/all/co4064274.html,腾讯RDM,上市公司,https://jobs.51job.com/shenzhen-nsq/126933461.html?s=01&t=0,数据存储工程师,免费班车 弹性工作 节日福利 免费早餐 带薪年假 五险一金 绩效奖金 专业培训 商业保险 住房补贴,1.2-2万/月,12-15,深圳-南山区
"深圳-宝安区,5-7年经验,大专,招2人",https://jobs.51job.com/all/co2850309.html,深圳市腾拓科技有限公司,民营公司,https://jobs.51job.com/shenzhen-baq/123081101.html?s=01&t=0,PHP开发,五险一金 带薪年假 免费体检 节日福利 技能培训 年终分红 出国机会 淡季双休 年终奖金 年度旅游,1.5-2万/月,12-15,深圳-宝安区
"深圳-福田区,在校生/应届生,大专,招2人",https://jobs.51job.com/all/co3922972.html,深圳市亚势力广告有限公司,民营公司,https://jobs.51job.com/shenzhen-ftq/123766433.html?s=01&t=0,PHP开发工程师 （应届生）,,6-8千/月,12-15,深圳-福田区
"深圳,2年经验,本科,招1人",https://jobs.51job.com/all/co2276185.html,深圳市天泰网络技术有限公司,民营公司,https://jobs.51job.com/shenzhen/127605671.html?s=01&t=0,数据分析师,五险一金 员工旅游 年终奖金 定期体检 周末双休 提供住宿 餐补,0.6-1.5万/月,12-15,深圳
"深圳-南山区,无需经验,本科,招2人",https://jobs.51job.com/all/co5645508.html,亚飞太平洋（深圳）有限公司,民营公司,https://jobs.51job.com/shenzhen-nsq/126520679.html?s=01&t=0,商业分析师/研究分析师,五险一金 专业培训 年终奖金 定期体检 带薪年假 出国机会 补充医疗保险,0.8-1万/月,12-15,深圳-南山区
"深圳-南山区,3-4年经验,本科,招3人",https://jobs.51job.com/all/co5863444.html,亿科数字,民营公司,https://jobs.51job.com/shenzhen-nsq/124123566.html?s=01&t=0,高级大数据开发工程师,,2.5-3.5万/月,12-15,深圳-南山区
"深圳-南山区,5-7年经验,本科,招1人",https://jobs.51job.com/all/co5590680.html,深圳希施玛数据科技有限公司,民营公司,https://jobs.51job.com/shenzhen-nsq/125791369.html?s=01&t=0,量化高级开发工程师,五险一金 绩效奖金 弹性工作 周末双休 节假日福利 带薪年假 员工活动,1.5-2.2万/月,12-15,深圳-南山区
"深圳-南山区,2年经验,本科,招1人",https://jobs.51job.com/all/co6023024.html,深圳市华曦达科技股份有限公司,民营公司,https://jobs.51job.com/shenzhen-nsq/127590289.html?s=01&t=0,数据挖掘,,0.8-1.5万/月,12-15,深圳-南山区
"深圳-宝安区,在校生/应届生,本科,招若干人",https://jobs.51job.com/all/co5770342.html,深圳市金翰信息科技有限公司,民营公司,https://jobs.51job.com/shenzhen-baq/126849486.html?s=01&t=0,量化实习生,五险一金 年终奖金 员工旅游 周末双休,500元/天,12-15,深圳-宝安区
"深圳-宝安区,2年经验,本科,招1人",https://jobs.51job.com/all/co4885438.html,深圳市鑫景福科技有限公司,民营公司,https://jobs.51job.com/shenzhen-baq/125491395.html?s=01&t=0,SEO/SEM优化工程师,带薪年假 员工旅游 年终奖金 五险 节日福利 餐饮补贴,0.6-1万/月,12-15,深圳-宝安区
"深圳-福田区,2年经验,大专,招若干人",https://jobs.51job.com/all/co5095470.html,深圳市汇脉通科技有限公司,民营公司,https://jobs.51job.com/shenzhen-ftq/126598538.html?s=01&t=0,数据工程师,五险一金 补充公积金 绩效奖金,1-1.5万/月,12-15,深圳-福田区
"深圳-福田区,1年经验,本科,招2人",https://jobs.51job.com/all/co3654439.html,深圳市融臻资产管理有限公司,民营公司,https://jobs.51job.com/shenzhen-ftq/127093497.html?s=01&t=0,数据分析师,五险一金 专业培训 绩效奖金 年终奖金 员工旅游 餐饮补贴 弹性工作,0.5-1万/月,12-15,深圳-福田区
"深圳,3-4年经验,本科,招1人",https://jobs.51job.com/all/co193864.html,比亚迪股份有限公司,民营公司,https://jobs.51job.com/shenzhen/127519418.html?s=01&t=0,大数据开发工程师,带薪年假 五险一金 专业培训 周末双休 福利房 话补 节日福利 新能源车补贴,1.2-2万/月,12-14,深圳
"深圳-龙岗区,3-4年经验,本科,招1人",https://jobs.51job.com/all/co4052246.html,凯儿得乐（深圳）科技发展有限公司,民营公司,https://jobs.51job.com/shenzhen-lgq/127287717.html?s=01&t=0,数据开发工程师,年终奖金 五险一金 交通补贴 通讯补贴 住房补贴 父母养老金,1.5-2万/月,12-14,深圳-龙岗区
"深圳-南山区,5-7年经验,本科,招2人",https://jobs.51job.com/all/co2548456.html,深圳市华傲数据技术有限公司,民营公司,https://jobs.51job.com/shenzhen-nsq/123555158.html?s=01&t=0,高级Java开发工程师（政务大数据）,五险一金 绩效奖金 年终奖金 补充医疗保险 定期体检,2-3万/月,12-14,深圳-南山区
"深圳-龙华区,3-4年经验,本科,招若干人",https://jobs.51job.com/all/co5051437.html,精奥科技（深圳）有限公司,民营公司,https://jobs.51job.com/shenzhen-lhq/127116495.html?s=01&t=0,数据分析组长,节日福利 专业培训 带薪年假 五险一金 弹性工作 提成,1.2-2.5万/月,12-14,深圳-龙华区
"深圳-南山区,1年经验,硕士,招1人",https://jobs.51job.com/all/co5479628.html,深圳市华膳科技有限公司,民营公司,https://jobs.51job.com/shenzhen-nsq/127055463.html?s=01&t=0,算法工程师,五险一金 专业培训 绩效奖金 培训奖金 项目奖金 年终奖金 期权奖励,0.8-1.2万/月,12-13,深圳-南山区
"深圳-福田区,1年经验,本科,招2人",https://jobs.51job.com/all/co3050190.html,深圳东金首创投资管理有限公司,民营公司,https://jobs.51job.com/shenzhen-ftq/111024849.html?s=01&t=0,Java后端开发工程师,五险一金 绩效奖金 年终奖金 定期体检 周末双休,0.7-1.2万/月,12-13,深圳-福田区
"深圳,3-4年经验,本科,招1人",https://jobs.51job.com/all/co3055059.html,深圳市鑫贝帝科技有限公司,民营公司,https://jobs.51job.com/shenzhen/124148600.html?s=01&t=0,数据分析师,弹性工作 带薪年假 包吃 节日福利 专业培训 年终奖金,1-1.5万/月,12-12,深圳
"深圳-福田区,3-4年经验,本科,招1人",https://jobs.51job.com/all/co303045.html,妍丽化妆品（中国）有限公司,合资,https://jobs.51job.com/shenzhen-ftq/126605771.html?s=01&t=0,BI商业数据分析师,带薪年假 五险一金 绩效奖金 节日福利,1.5-2万/月,12-10,深圳-福田区
"深圳-龙华区,2年经验,本科,招1人",https://jobs.51job.com/all/co5604418.html,雷特网络科技有限公司,民营公司,https://jobs.51job.com/shenzhen-lhq/125409456.html?s=01&t=0,数据分析师,五险一金 员工旅游 专业培训 年终奖金 绩效奖金 老板nice 每月团建 下午茶 生日会 发展空间大,1.5-3万/月,12-09,深圳-龙华区
"深圳-龙岗区,3-4年经验,本科,招1人",https://jobs.51job.com/all/co5601872.html,百佬汇跨境电商（深圳）有限公司,民营公司,https://jobs.51job.com/shenzhen-lgq/126552766.html?s=01&t=0,运维工程师,五险一金 员工旅游 专业培训 绩效奖金 年终奖金 定期体检 餐饮补贴,1.5-3万/月,12-09,深圳-龙岗区
"深圳-龙岗区,2年经验,本科,招6人",https://jobs.51job.com/all/co6104149.html,南京翼海云峰软件技术有限公司,民营公司,https://jobs.51job.com/shenzhen-lgq/127426770.html?s=01&t=0,系统运维工程师,五险一金 免费班车 定期体检 年终奖金,0.9-1.5万/月,12-08,深圳-龙岗区
"深圳-龙岗区,2年经验,本科,招2人",https://jobs.51job.com/all/co4620102.html,上海海吉星马克市场管理有限公司,合资,https://jobs.51job.com/shenzhen-lgq/124161800.html?s=01&t=0,咨询顾问（数据分析方向）,五险一金 交通补贴 餐饮补贴 通讯补贴 绩效奖金 定期体检 年终奖金,6-9千/月,12-08,深圳-龙岗区
"深圳-南山区,2年经验,招若干人",https://jobs.51job.com/all/co2582779.html,TCL电子,合资,https://jobs.51job.com/shenzhen-nsq/127435757.html?s=01&t=0,算法专家,五险一金 补充医疗保险 年终奖金 出国机会 弹性工作 员工旅游 免费班车 通讯补贴 专业培训,3-5万/月,12-06,深圳-南山区
"深圳-福田区,无需经验,本科,招2人",https://jobs.51job.com/all/co6210306.html,粤港澳大湾区数字经济研究院（福田）,事业单位,https://jobs.51job.com/shenzhen-ftq/127230188.html?s=01&t=0,数据抓取工程师（AI计算与数据智能）,,2-2.5万/月,11-28,深圳-福田区
"深圳,3-4年经验,大专,招若干人",https://jobs.51job.com/all/co6174540.html,深圳吉吉国际供应链有限公司,合资,https://jobs.51job.com/shenzhen/126952172.html?s=01&t=0,Web前端工程师,,1.5-2.5万/月,11-21,深圳
"深圳-龙岗区,3-4年经验,大专,招1人",https://jobs.51job.com/all/co6053700.html,深圳市付讯科技有限公司,民营公司,https://jobs.51job.com/shenzhen-lgq/125729774.html?s=01&t=0,php高级工程师 全栈工程师,五险一金 绩效奖金 员工旅游 年终奖金 带薪年假 周末双休 地铁周边 甲级写字楼,0.8-2万/月,11-20,深圳-龙岗区
"深圳-福田区,无需经验,大专,招4人",https://jobs.51job.com/all/co6092118.html,深圳市智博学教育咨询有限公司,民营公司,https://jobs.51job.com/shenzhen-ftq/125661447.html?s=01&t=0,AI数据分析人工智能师,,1-1.5万/月,11-10,深圳-福田区
"深圳-南山区,8-9年经验,本科,招若干人",https://jobs.51job.com/all/co3275474.html,安克创新科技股份有限公司深圳分公司,民营公司,https://jobs.51job.com/shenzhen-nsq/125832334.html?s=01&t=0,数据分析经理（财务方向）,五险一金 年终奖金 员工旅游 专业培训 定期体检 包三餐 补充医疗保险 周末双休,1.3-2.3万/月,11-09,深圳-南山区
"深圳-龙岗区,无需经验,本科,招3人",https://jobs.51job.com/all/co6058440.html,深圳市尚道咨询管理有限公司,民营公司,https://jobs.51job.com/shenzhen-lgq/125162940.html?s=01&t=0,机器人研发测试工程师,五险一金 弹性工作 年终奖金,0.8-1万/月,10-23,深圳-龙岗区
"深圳-龙岗区,无需经验,大专,招2人",https://jobs.51job.com/all/co5983233.html,深圳市华龙帝升科技有限公司,民营公司,https://jobs.51job.com/shenzhen-lgq/124527170.html?s=01&t=0,数据采集专员,,6-8千/月,10-22,深圳-龙岗区
"深圳-龙岗区,3-4年经验,大专,招2人",https://jobs.51job.com/all/co5564449.html,深圳市华晨信息技术有限公司,民营公司,https://jobs.51job.com/shenzhen-lgq/127707092.html?s=01&t=0,Python开发工程师,餐饮补贴 五险 专业培训 年底双薪,1.5-2千/月,12-16,深圳-龙岗区
"深圳-福田区,在校生/应届生,本科,招3人",https://jobs.51job.com/all/co3700533.html,静瞳海外投资顾问（深圳）有限公司,外资（非欧美）,https://jobs.51job.com/shenzhen-ftq/110467278.html?s=01&t=0,爬虫/大数据实习生,弹性工作 餐饮补贴 通讯补贴 交通补贴,4-8千/月,12-15,深圳-福田区
"深圳-福田区,在校生/应届生,本科,招1人",https://jobs.51job.com/all/co232211.html,招商信诺人寿保险有限公司,合资,https://jobs.51job.com/shenzhen-ftq/125434527.html?s=01&t=0,21届校招-Python开发岗,年终奖金 五险一金 补充医疗保险 带薪年假 节日福利 专业培训 高温补贴 加班补贴 周末双休,0.6-1万/月,11-19,深圳-福田区
"深圳-龙岗区,3-4年经验,本科,招20人",https://jobs.51job.com/all/co1686854.html,软通动力信息技术（集团）股份有限公司,民营公司,https://jobs.51job.com/shenzhen-lgq/126775990.html?s=01&t=0,Python工程师,五险一金 弹性工作 定期体检 免费班车,1-2万/月,11-10,深圳-龙岗区
"深圳-南山区,无需经验,本科,招1人",https://jobs.51job.com/all/co3959872.html,华夏城视网络电视股份有限公司,国企,https://jobs.51job.com/shenzhen-nsq/125789628.html?s=01&t=0,PHP开发实习生,,1.5千以下/月,12-15,深圳-南山区
"深圳-龙岗区,3-4年经验,大专,招1人",https://jobs.51job.com/all/co5366644.html,深圳市神火照明有限责任公司,民营公司,https://jobs.51job.com/shenzhen-lgq/124541806.html?s=01&t=0,大数据挖掘工程师,弹性工作 包住宿 绩效奖金 节日福利 通讯补贴 全勤奖 五险一金 加班补贴,2-3千/月,12-15,深圳-龙岗区
"深圳-福田区,5-7年经验,本科,招1人",https://jobs.51job.com/all/co3337175.html,深圳市万普拉斯科技有限公司,民营公司,https://jobs.51job.com/shenzhen-ftq/125810585.html?s=01&t=0,高级安全工程师,周末双休 五险一金 补充公积金 员工旅游 弹性工作 绩效奖金 定期体检 股票期权 补充医疗保险,1.5-4万/月,12-02,深圳-福田区
"深圳-龙华区,3-4年经验,本科,招2人",https://jobs.51job.com/all/co4715833.html,深圳市卖家成长网络科技有限公司,民营公司,https://jobs.51job.com/shenzhen-lhq/126489171.html?s=01&t=0,高级Python爬虫工程师,五险一金 专业培训 绩效奖金,1.2-2万/月,11-11,深圳-龙华区
"深圳-龙华区,5-7年经验,大专,招1人",https://jobs.51job.com/all/co2137051.html,深圳市英驰贸易科技有限公司,民营公司,https://jobs.51job.com/shenzhen-lhq/121920805.html?s=01&t=0,项目经理/技术经理/主管（python爬虫）,五险一金 员工旅游 年终奖金 定期团建 加班补贴 年度调薪 大小周制,1.6-2.5万/月,11-11,深圳-龙华区
"深圳-龙华区,3-4年经验,大专,招1人",https://jobs.51job.com/all/co2137051.html,深圳市英驰贸易科技有限公司,民营公司,https://jobs.51job.com/shenzhen-lhq/121920486.html?s=01&t=0,高级python爬虫工程师,五险一金 员工旅游 年终奖金 定期团建 加班补贴 年度调薪 大小周制,1.5-2万/月,11-11,深圳-龙华区
"深圳-福田区,3-4年经验,本科,招若干人",https://jobs.51job.com/all/co3132608.html,深圳市德科信息技术有限公司,合资,https://jobs.51job.com/shenzhen-ftq/124763993.html?s=01&t=0,Python开发工程师,五险一金 周末双休 绩效奖金 年终奖金 补充商业险 员工旅游,1-1.5万/月,12-16,深圳-福田区
"深圳-龙岗区,3-4年经验,大专,招1人",https://jobs.51job.com/all/co4112809.html,深圳优匠教育科技有限公司,民营公司,https://jobs.51job.com/shenzhen-lgq/126841288.html?s=01&t=0,python后端开发程序员,节日福利 绩效奖金 带薪年假 社保,6-8千/月,12-16,深圳-龙岗区
"深圳-南山区,无需经验,大专,招3人",https://jobs.51job.com/all/co6113880.html,成都优格瑞得科技有限公司,民营公司,https://jobs.51job.com/shenzhen-nsq/126221377.html?s=01&t=0,python开发工程师（双休+14薪）,五险一金 绩效奖金 项目奖金 弹性工作 周末双休 员工旅游 大牛带队 14薪,4-8千/月,12-16,深圳-南山区
"深圳,3-4年经验,本科,招1人",https://jobs.51job.com/all/co1323936.html,深圳市中正国际物流有限公司,民营公司,https://jobs.51job.com/shenzhen/124555223.html?s=01&t=0,Python开发工程师,五险一金 员工旅游 绩效奖金 年终奖金 带薪年假,0.7-2万/月,12-15,深圳
"深圳-龙华区,1年经验,大专,招4人",https://jobs.51job.com/all/co6175896.html,西安华谊兄弟影视文化传播有限公司,上市公司,https://jobs.51job.com/shenzhen-lhq/127288634.html?s=01&t=0,Python开发工程师,五险一金 出国机会 弹性工作 年终奖金 交通补贴 餐饮补贴 员工旅游 绩效奖金 定期体检 免费班车,6-8千/月,12-15,深圳-龙华区
"深圳-龙岗区,2年经验,大专,招1人",https://jobs.51job.com/all/co2852205.html,深圳市柠檬树科技有限公司,民营公司,https://jobs.51job.com/shenzhen-lgq/124009436.html?s=01&t=0,Python工程师,五险一金 补充医疗保险 员工旅游 股票期权 年终奖金 绩效奖金 定期体检 出国机会,1.2-1.5万/月,12-15,深圳-龙岗区
"深圳-南山区,在校生/应届生,高中,招4人",https://jobs.51job.com/all/co6168096.html,西安赛林环保科技股份有限公司,民营公司,https://jobs.51job.com/shenzhen-nsq/126984945.html?s=01&t=0,Python开发工程师(实习生),五险一金 补充公积金 免费班车 员工旅游 出国机会 定期体检 专业培训 弹性工作 年终奖金 交通补贴,6-8千/月,12-15,深圳-南山区
"深圳-福田区,无需经验,大专,招5人",https://jobs.51job.com/all/co6089198.html,陕西中凡信息科技有限公司,民营公司,https://jobs.51job.com/shenzhen-ftq/126514961.html?s=01&t=0,Python开发（实习生）,五险一金 补充公积金 员工旅游 交通补贴 餐饮补贴 出国机会 弹性工作 免费班车 通讯补贴 年终奖金,6-8千/月,12-15,深圳-福田区
"深圳-龙华区,3-4年经验,本科,招1人",https://jobs.51job.com/all/co3085419.html,深圳市绿联科技有限公司,民营公司,https://jobs.51job.com/shenzhen-lhq/126915358.html?s=01&t=0,爬虫开发工程师,五险一金 年终奖金 绩效奖金 定期体检 员工旅游 食宿 专业培训,1.5-2万/月,12-16,深圳-龙华区
"深圳-福田区,在校生/应届生,本科,招1人",https://jobs.51job.com/all/co5353053.html,深圳市可利亚企业管理咨询有限公司,合资,https://jobs.51job.com/shenzhen-ftq/123977122.html?s=01&t=0,Python 软件开发(338),五险一金 员工旅游 餐饮补贴 专业培训 出国机会 绩效奖金 年终奖金 股票期权 弹性工作,6-8千/月,12-16,深圳-福田区
"深圳-宝安区,1年经验,大专,招2人",https://jobs.51job.com/all/co6092369.html,深圳抖屏科技有限公司,民营公司,https://jobs.51job.com/shenzhen-baq/126229273.html?s=01&t=0,机器学习/爬虫数据8k起包住,五险一金 交通补贴 绩效奖金 年终奖金 餐饮补贴 补充公积金 通讯补贴 股票期权 定期体检 团建旅游,0.8-1万/月,12-15,深圳-宝安区
"深圳-龙岗区,3-4年经验,本科,招2人",https://jobs.51job.com/all/co4656062.html,合肥市合趣网络科技有限公司,民营公司,https://jobs.51job.com/shenzhen-lgq/126224610.html?s=01&t=0,Python后端开发工程师（坂田）,五险 高温补贴 住房补贴 每年多次调薪 午餐补助,1.5-2万/月,12-15,深圳-龙岗区
"异地招聘,3-4年经验,本科,招2人",https://jobs.51job.com/all/co5382002.html,深圳旭宏医疗科技有限公司,创业公司,https://jobs.51job.com/dalian-gxyq/125631968.html?s=01&t=0,Python开发工程师,五险一金 专业培训 年终奖金 绩效奖金,0.8-1万/月,12-15,异地招聘
"深圳-南山区,2年经验,本科,招若干人",https://jobs.51job.com/all/co4954125.html,深圳新房网络科技有限公司,民营公司,https://jobs.51job.com/shenzhen-nsq/126946944.html?s=01&t=0,数据爬虫工程师,五险一金 弹性工作 交通补贴 带薪年假,1.5-2万/月,12-15,深圳-南山区
"深圳-南山区,3-4年经验,本科,招1人",https://jobs.51job.com/all/co4254486.html,深圳金蝶账无忧网络科技有限公司,民营公司,https://jobs.51job.com/shenzhen-nsq/123078473.html?s=01&t=0,python软件开发工程师,五险一金 绩效奖金 弹性工作 员工旅游 补充医疗保险 定期团建 员工班车 定期体检 节日福利,1.2-2万/月,12-15,深圳-南山区
"深圳-罗湖区,2年经验,本科,招1人",https://jobs.51job.com/all/co3096449.html,深圳市维度数据科技股份有限公司,上市公司,https://jobs.51job.com/shenzhen-lhq/124980563.html?s=01&t=0,Python工程师,五险一金 节日福利 带薪年假 员工旅游 定期体检 年底双薪 项目奖金 婚庆礼金 生育礼金 员工持股计划,0.8-1.5万/月,12-15,深圳-罗湖区
"深圳-宝安区,1年经验,本科,招1人",https://jobs.51job.com/all/co4149597.html,深圳市沁泽通达科技有限公司,民营公司,https://jobs.51job.com/shenzhen-baq/127321629.html?s=01&t=0,python前端工程师,员工旅游 绩效奖金 年终奖金 节日福利 社会保险 加班补贴 全勤奖 提供早餐 五险一金,0.6-1万/月,12-14,深圳-宝安区
"深圳-福田区,3-4年经验,本科,招3人",https://jobs.51job.com/all/co1756330.html,深圳高速工程顾问有限公司,民营公司,https://jobs.51job.com/shenzhen-ftq/126101617.html?s=01&t=0,C++/Python工程师,五险一金 员工旅游 专业培训 年终奖金 定期体检,2-2.5万/月,12-14,深圳-福田区
"深圳-龙华区,3-4年经验,大专,招若干人",https://jobs.51job.com/all/co5823962.html,深圳市艾姆诗数码科技有限公司,民营公司,https://jobs.51job.com/shenzhen-lhq/126948294.html?s=01&t=0,高级爬虫开发工程师/高级爬虫专家,五险一金 员工旅游 节日福利 带薪年假 年终奖金 加班补贴 下午茶 全勤奖 专业培训 氛围融洽,2-2.5万/月,12-14,深圳-龙华区
"深圳-南山区,5-7年经验,本科,招1人",https://jobs.51job.com/all/co5102741.html,雷神科技有限公司,民营公司,https://jobs.51job.com/shenzhen-nsq/126861457.html?s=01&t=0,Python高级开发工程师,五险一金 员工旅游 绩效奖金 年终奖金 股票期权 定期体检 餐饮补贴 弹性工作 专业培训,1.5-3万/月,12-14,深圳-南山区
"深圳-龙岗区,3-4年经验,本科,招1人",https://jobs.51job.com/all/co6132551.html,深圳市途林科技有限公司,民营公司,https://jobs.51job.com/shenzhen-lgq/126135195.html?s=01&t=0,Python高级开发工程师,,1.5-3万/月,12-14,深圳-龙岗区
"异地招聘,2年经验,本科,招2人",https://jobs.51job.com/all/co4822793.html,龙马智芯（珠海横琴）科技有限公司,民营公司,https://jobs.51job.com/zhuhai-xzq/125996452.html?s=01&t=0,Python工程师（珠海）,绩效奖金 年终奖金 股票期权 六险一金,0.8-1.5万/月,12-14,异地招聘
"深圳-南山区,3-4年经验,大专,招1人",https://jobs.51job.com/all/co4682506.html,深圳万拓科技创新有限公司,民营公司,https://jobs.51job.com/shenzhen-nsq/122750139.html?s=01&t=0,Python开发工程师,五险一金 业绩为王 发展空间大,1.5-2.5万/月,12-14,深圳-南山区
"异地招聘,3-4年经验,大专,招2人",https://jobs.51job.com/all/co5623287.html,深圳荷花网络科技有限公司,民营公司,https://jobs.51job.com/guangzhou-hpq/116992169.html?s=01&t=0,python开发工程师,,1-1.5万/月,12-14,异地招聘
"深圳-南山区,在校生/应届生,大专,招1人",https://jobs.51job.com/all/co3112767.html,亚洲保理（深圳）有限公司,民营公司,https://jobs.51job.com/shenzhen-nsq/126099320.html?s=01&t=0,Python开发工程师,,1-1.5万/月,12-14,深圳-南山区
"异地招聘,2年经验,大专,招2人",https://jobs.51job.com/all/co5670545.html,广东钳钳科技有限公司,民营公司,https://jobs.51job.com/shantou/127604831.html?s=01&t=0,Python高级开发工程师,五险一金 餐饮补贴 年终奖金 绩效奖金 员工旅游 定期体检 每周双休,1-1.5万/月,12-13,异地招聘
"深圳-南山区,3-4年经验,本科,招若干人",https://jobs.51job.com/all/co6240664.html,深圳金蝶账无忧网络科技有限公司,民营公司,https://jobs.51job.com/shenzhen-nsq/127587017.html?s=01&t=0,python软件开发工程师,五险一金 免费班车 年终奖金 弹性工作 员工旅游 专业培训,1.2-2万/月,12-13,深圳-南山区
"深圳-罗湖区,2年经验,本科,招1人",https://jobs.51job.com/all/co3215868.html,深圳市阿卡索资讯股份有限公司,民营公司,https://jobs.51job.com/shenzhen-lhq/126702779.html?s=01&t=0,爬虫开发工程师,五险一金 做五休二 商业保险 带薪年假,1-1.5万/月,12-12,深圳-罗湖区
"异地招聘,2年经验,本科,招2人",https://jobs.51job.com/all/co5438024.html,东莞先知大数据有限公司,创业公司,https://jobs.51job.com/dongguan-dcq/125841833.html?s=01&t=0,python 数据库后端工程师,绩效奖金 年终奖金 交通补贴 五险一金 餐饮补贴 住宿补贴,0.8-1.5万/月,12-12,异地招聘
"深圳-南山区,3-4年经验,大专,招1人",https://jobs.51job.com/all/co2117924.html,深圳麦亚信科技股份有限公司,上市公司,https://jobs.51job.com/shenzhen-nsq/123318633.html?s=01&t=0,急招爬虫开发工程师（外包）,五险一金 员工旅游 生日礼物 司龄补贴 过节礼物 年度体检 伯乐奖 级别福利,1.1-1.4万/月,12-11,深圳-南山区
"深圳-南山区,3-4年经验,大专,招5人",https://jobs.51job.com/all/co6169561.html,深圳市汇泉教育科技有限责任公司,民营公司,https://jobs.51job.com/shenzhen-nsq/127569434.html?s=01&t=0,Python开发工程师,五险一金 周末双休,0.8-1.3万/月,12-15,深圳-南山区
"深圳-南山区,3-4年经验,大专,招5人",https://jobs.51job.com/all/co6169561.html,深圳市汇泉教育科技有限责任公司,民营公司,https://jobs.51job.com/shenzhen-nsq/127538666.html?s=01&t=0,Python开发工程师,五险一金 周末双休,0.8-1.3万/月,12-15,深圳-南山区
"异地招聘,2年经验,大专,招3人",https://jobs.51job.com/all/co6169561.html,深圳市汇泉教育科技有限责任公司,民营公司,https://jobs.51job.com/jinan-lxq/126740923.html?s=01&t=0,Python软件开发工程师,,0.8-1.2万/月,12-15,异地招聘
"深圳-南山区,2年经验,大专,招5人",https://jobs.51job.com/all/co6169561.html,深圳市汇泉教育科技有限责任公司,民营公司,https://jobs.51job.com/shenzhen-nsq/126653824.html?s=01&t=0,Python软件开发工程师,,0.8-1.2万/月,12-15,深圳-南山区
"深圳-南山区,大专,招1人",https://jobs.51job.com/all/co5489755.html,深圳市宇达计算机有限公司,民营公司,https://jobs.51job.com/shenzhen-nsq/113459839.html?s=01&t=0,网络推广专员(SEM/会Python为佳),,0.4-2万/月,12-15,深圳-南山区
"深圳-福田区,2年经验,本科,招1人",https://jobs.51job.com/all/co3414567.html,深圳市道合顺电子科技有限公司,民营公司,https://jobs.51job.com/shenzhen-ftq/114992937.html?s=01&t=0,Python开发工程师,五险一金 员工旅游 绩效奖金 出国机会 专业培训 定期体检,1.5-3万/月,12-16,深圳-福田区
"深圳-龙华区,5-7年经验,本科,招1人",https://jobs.51job.com/all/co5185991.html,深圳市爱图仕影像器材有限公司,民营公司,https://jobs.51job.com/shenzhen-lhq/127098972.html?s=01&t=0,Python开发工程师,五险一金 员工旅游 餐饮补贴 年终奖金 绩效奖金 定期体检 项目奖金,0.5-2万/月,12-15,深圳-龙华区
"深圳-龙岗区,3-4年经验,本科,招2人",https://jobs.51job.com/all/co4656062.html,合肥市合趣网络科技有限公司,民营公司,https://jobs.51job.com/shenzhen-lgq/126219487.html?s=01&t=0,软件开发工程师（python)/ Python后端开发工程师,五险 高温补贴 住房补贴 每年多次调薪 午餐补助,1.5-2万/月,12-15,深圳-龙岗区
"深圳-南山区,3-4年经验,本科,招若干人",https://jobs.51job.com/all/co5755635.html,东杰智能（深圳）有限公司,上市公司,https://jobs.51job.com/shenzhen-nsq/127237585.html?s=01&t=0,Python开发工程师,五险一金 员工旅游 绩效奖金 周末双休,1-2万/月,12-11,深圳-南山区
"深圳-福田区,2年经验,大专,招2人",https://jobs.51job.com/all/co2764482.html,深圳市华威斯科技有限公司,民营公司,https://jobs.51job.com/shenzhen-ftq/125137452.html?s=01&t=0,python中高级工程师,五险一金 节日福利 立即上岗,1-2万/月,12-11,深圳-福田区
"深圳,1年经验,本科,招若干人",https://jobs.51job.com/all/co4021891.html,晤桥亚洲资产管理咨询与软件有限公司,外资（非欧美）,https://jobs.51job.com/shenzhen/117033174.html?s=01&t=0,Python数据分析师,五险一金 补充公积金 绩效奖金 出国机会 专业培训 弹性工作 出国参访 额外年休假,0.7-1.2万/月,12-11,深圳
"深圳-龙岗区,3-4年经验,本科,招1人",https://jobs.51job.com/all/co493249.html,深圳市通拓科技有限公司,上市公司,https://jobs.51job.com/shenzhen-lgq/125389718.html?s=01&t=0,python开发工程师,五险一金 绩效奖金 年终奖金 全勤奖 专业培训 岗位晋升 带薪年假 餐饮补贴,1.5-2万/月,12-10,深圳-龙岗区
"深圳-南山区,1年经验,本科,招1人",https://jobs.51job.com/all/co4171389.html,风变科技（深圳）有限公司,民营公司,https://jobs.51job.com/shenzhen-nsq/125159684.html?s=01&t=0,教研员（python技术方向）,餐饮补贴 弹性工作 交通补贴 绩效奖金 专业培训 转正机会,0.8-1.5万/月,12-10,深圳-南山区
"深圳-龙岗区,招1人",https://jobs.51job.com/all/co2190894.html,深圳市泽宝创新技术有限公司,民营公司,https://jobs.51job.com/shenzhen-lgq/117666436.html?s=01&t=0,JAVA爬虫工程师,五险一金 员工旅游 交通补贴 餐饮补贴 股票期权 年底双薪 带薪年假,1.1-1.8万/月,12-10,深圳-龙岗区
"深圳,1年经验,本科,招2人",https://jobs.51job.com/all/co2284185.html,深圳市乐思软件技术有限公司,民营公司,https://jobs.51job.com/shenzhen/127493544.html?s=01&t=0,Python软件工程师 02,周末双休 五险一金 绩效奖金 节日福利 专业培训 高温补贴 出国机会 员工旅游 补充医疗保险 年终奖金,0.9-1.1万/月,12-10,深圳
"深圳-南山区,2年经验,大专,招5人",https://jobs.51job.com/all/co6063217.html,珠海市华盛达科技有限公司,民营公司,https://jobs.51job.com/shenzhen-nsq/125485788.html?s=01&t=0,Python开发工程师,,0.9-1.4万/月,12-10,深圳-南山区
"深圳-南山区,1年经验,大专,招5人",https://jobs.51job.com/all/co5616198.html,深圳神木源科技有限公司,民营公司,https://jobs.51job.com/shenzhen-nsq/116491957.html?s=01&t=0,Python开发工程师4,五险一金 补充医疗保险 免费班车 员工旅游 专业培训 出国机会 通讯补贴 餐饮补贴 绩效奖金 年终奖金,6-8千/月,12-09,深圳-南山区
"深圳-南山区,在校生/应届生,大专,招若干人",https://jobs.51job.com/all/co6209470.html,深圳点猫科技有限公司,民营公司,https://jobs.51job.com/shenzhen-nsq/127293887.html?s=01&t=0,少儿编程实习老师（python）,带薪年假 五险一金 节日福利 专业培训 绩效奖金 年终奖金 餐饮补贴 员工旅游,6-8千/月,12-07,深圳-南山区
"深圳,3-4年经验,本科,招1人",https://jobs.51job.com/all/co270592.html,任子行网络技术股份有限公司,上市公司,https://jobs.51job.com/shenzhen/127326250.html?s=01&t=0,爬虫开发工程师,五险一金 带薪年假 周末双休,1.5-2万/月,12-07,深圳
"深圳-南山区,1年经验,招若干人",https://jobs.51job.com/all/co5728964.html,深圳妮姬网络科技有限公司,民营公司,https://jobs.51job.com/shenzhen-nsq/124439110.html?s=01&t=0,爬虫工程师,,0.6-1.5万/月,12-06,深圳-南山区
"异地招聘,2年经验,大专,招2人",https://jobs.51job.com/all/co5670545.html,广东钳钳科技有限公司,民营公司,https://jobs.51job.com/shantou/122912486.html?s=01&t=0,Python中级开发工程师,五险一金 餐饮补贴 年终奖金 绩效奖金 员工旅游 定期体检 每周双休,1-1.5万/月,12-13,异地招聘
"深圳,1年经验,本科,招2人",https://jobs.51job.com/all/co2284185.html,深圳市乐思软件技术有限公司,民营公司,https://jobs.51job.com/shenzhen/127483875.html?s=01&t=0,Python软件工程师 01,周末双休 五险一金 绩效奖金 节日福利 专业培训 高温补贴 出国机会 员工旅游 补充医疗保险 年终奖金,7-9千/月,12-10,深圳
"深圳-福田区,1年经验,大专,招5人",https://jobs.51job.com/all/co5616198.html,深圳神木源科技有限公司,民营公司,https://jobs.51job.com/shenzhen-ftq/116491935.html?s=01&t=0,Python开发工程师3,五险一金 补充医疗保险 免费班车 员工旅游 专业培训 出国机会 通讯补贴 餐饮补贴 绩效奖金 年终奖金,6-8千/月,12-09,深圳-福田区
"深圳-宝安区,1年经验,大专,招5人",https://jobs.51job.com/all/co5616198.html,深圳神木源科技有限公司,民营公司,https://jobs.51job.com/shenzhen-baq/116432806.html?s=01&t=0,Python开发工程师,五险一金 补充医疗保险 免费班车 员工旅游 专业培训 出国机会 通讯补贴 餐饮补贴 绩效奖金 年终奖金,6-8千/月,12-09,深圳-宝安区
"深圳-南山区,在校生/应届生,大专,招3人",https://jobs.51job.com/all/co5605417.html,成都龙捷科技有限公司,民营公司,https://jobs.51job.com/shenzhen-nsq/122877515.html?s=01&t=0,Python初级开发,五险一金 餐补补贴 住房补贴 专业培训 绩效奖金 年底双薪 弹性工作 员工旅游 定期体检 下午茶,0.6-1.2万/月,12-09,深圳-南山区
"深圳,3-4年经验,本科,招1人",https://jobs.51job.com/all/co270592.html,任子行网络技术股份有限公司,上市公司,https://jobs.51job.com/shenzhen/127326182.html?s=01&t=0,Python开发工程师,五险一金 带薪年假 周末双休,1.5-2万/月,12-07,深圳
"深圳-南山区,2年经验,招5人",https://jobs.51job.com/all/co5728964.html,深圳妮姬网络科技有限公司,民营公司,https://jobs.51job.com/shenzhen-nsq/119051159.html?s=01&t=0,高级爬虫工程师,,2-3万/月,12-06,深圳-南山区
"深圳-南山区,3-4年经验,本科,招3人",https://jobs.51job.com/all/co4865346.html,翼果（深圳）科技有限公司,民营公司,https://jobs.51job.com/shenzhen-nsq/126245622.html?s=01&t=0,Python后台工程师,股票期权 绩效奖金 弹性工作 五险一金 入职体检 调薪机会,1-2万/月,11-21,深圳-南山区
"深圳-南山区,1年经验,本科,招3人",https://jobs.51job.com/all/co4865346.html,翼果（深圳）科技有限公司,民营公司,https://jobs.51job.com/shenzhen-nsq/122624481.html?s=01&t=0,Python后台工程师,,1-1.5万/月,11-19,深圳-南山区
"深圳-福田区,无需经验,大专,招5人",https://jobs.51job.com/all/co6021458.html,陕西先秦网络科技有限责任公司,民营公司,https://jobs.51job.com/shenzhen-ftq/126754396.html?s=01&t=0,（实习生）Python开发工程师,五险一金 补充医疗保险 补充公积金 员工旅游 餐饮补贴 交通补贴 绩效奖金 年终奖金 弹性工作 定期体检,6-8千/月,11-13,深圳-福田区
"深圳-罗湖区,2年经验,大专,招若干人",https://jobs.51job.com/all/co3842263.html,坤金聚宝（深圳）科技有限公司,民营公司,https://jobs.51job.com/shenzhen-lhq/123261356.html?s=01&t=0,爬虫开发工程师,五险一金 年终奖金 专业培训 周末双休 绩效奖金 弹性工作,1.2-1.8万/月,11-06,深圳-罗湖区
"深圳-龙华区,1年经验,大专,招5人",https://jobs.51job.com/all/co5601118.html,深圳神木源科技有限公司,民营公司,https://jobs.51job.com/shenzhen-lhq/116491916.html?s=01&t=0,Python开发工程师,五险一金 免费班车 交通补贴 餐饮补贴 专业培训 定期体检 绩效奖金 年终奖金 弹性工作 员工旅游,6-8千/月,10-30,深圳-龙华区
"深圳-南山区,3-4年经验,大专,招若干人",https://jobs.51job.com/all/co5592329.html,深圳市缔造网络科技有限公司,民营公司,https://jobs.51job.com/shenzhen-nsq/120517593.html?s=01&t=0,Python开发工程师,五险一金 员工旅游 绩效奖金 年终奖金 股票期权 弹性工作,1-1.5万/月,12-04,深圳-南山区
"深圳-宝安区,3-4年经验,本科,招5人",https://jobs.51job.com/all/co5715893.html,深圳江行联加智能科技有限公司,民营公司,https://jobs.51job.com/shenzhen-baq/126893160.html?s=01&t=0,python后端开发工程师,五险一金 餐饮补贴 年终奖金 定期体检 绩效奖金 通讯补贴 生日会 双休,1.5-2万/月,11-30,深圳-宝安区
"深圳-龙岗区,3-4年经验,大专,招3人",https://jobs.51job.com/all/co5513158.html,深圳市卓易梓网络科技有限公司,民营公司,https://jobs.51job.com/shenzhen-lgq/118846560.html?s=01&t=0,Python开发工程师,五险一金 员工旅游 出国机会 年终奖金 弹性工作 绩效奖金 餐饮补贴 股票期权,1.5-2万/月,11-27,深圳-龙岗区
"深圳-南山区,无需经验,本科,招若干人",https://jobs.51job.com/all/co4865346.html,翼果（深圳）科技有限公司,民营公司,https://jobs.51job.com/shenzhen-nsq/123026801.html?s=01&t=0,爬虫开发工程师,股票期权 绩效奖金 弹性工作 五险一金 入职体检 调薪机会,1-2万/月,11-21,深圳-南山区
"深圳-宝安区,3-4年经验,本科,招3人",https://jobs.51job.com/all/co5318682.html,深圳和乐美科技有限公司,民营公司,https://jobs.51job.com/shenzhen-baq/126741502.html?s=01&t=0,Python开发工程师,年终奖金 交通补贴 弹性工作 节日福利 五险 餐补,1.5-2.5万/月,11-19,深圳-宝安区
"深圳-南山区,5-7年经验,大专,招1人",https://jobs.51job.com/all/co3508609.html,深圳市虚拟现实技术有限公司,民营公司,https://jobs.51job.com/shenzhen-nsq/126260780.html?s=01&t=0,Python开发工程师,绩效奖金 周末双休 节日福利 全勤奖 六险一金,1.5-2万/月,11-17,深圳-南山区
"深圳-龙岗区,3-4年经验,本科,招3人",https://jobs.51job.com/all/co5910266.html,深圳市财盈通科技有限公司,民营公司,https://jobs.51job.com/shenzhen-lgq/123097863.html?s=01&t=0,高级爬虫工程师,五险一金 年终奖金 专业培训 季度奖金 月度奖金,1.5-2.5万/月,11-16,深圳-龙岗区
"深圳-罗湖区,2年经验,大专,招若干人",https://jobs.51job.com/all/co3842263.html,坤金聚宝（深圳）科技有限公司,民营公司,https://jobs.51job.com/shenzhen-lhq/123289287.html?s=01&t=0,python开发,五险一金 年终奖金 专业培训 周末双休 绩效奖金 弹性工作,1.5-2万/月,11-06,深圳-罗湖区
"深圳-南山区,2年经验,大专,招1人",https://jobs.51job.com/all/co4043838.html,深圳市盛凯信息科技有限公司,民营公司,https://jobs.51job.com/shenzhen-nsq/125646116.html?s=01&t=0,Python开发工程师,周末双休 带薪年假 五险一金 节日福利 专业培训 交通补贴 出差补贴,0.8-1.2万/月,11-05,深圳-南山区
"深圳-龙岗区,1年经验,大专,招5人",https://jobs.51job.com/all/co5601118.html,深圳神木源科技有限公司,民营公司,https://jobs.51job.com/shenzhen-lgq/116491900.html?s=01&t=0,Python开发工程师,,6-8千/月,10-30,深圳-龙岗区
"深圳-南山区,5-7年经验,本科,招3人",https://jobs.51job.com/all/co5565187.html,广州市双照电子科技有限公司,民营公司,https://jobs.51job.com/shenzhen-nsq/125713207.html?s=01&t=0,Python开发工程师,五险一金 绩效奖金 周末双休 定期体检,1.5-3万/月,10-27,深圳-南山区
"深圳-龙岗区,3-4年经验,本科,招1人",https://jobs.51job.com/all/co2609725.html,深圳百果园实业（集团）股份有限公司,民营公司,https://jobs.51job.com/shenzhen-lgq/127646845.html?s=01&t=0,高级结算主管,五险一金 绩效奖金 年终奖金 专业培训,1-1.5万/月,12-16,深圳-龙岗区
"深圳-罗湖区,1年经验,大专,招2人",https://jobs.51job.com/all/co5762065.html,购乐贸易（深圳）有限公司,民营公司,https://jobs.51job.com/shenzhen-lhq/119917355.html?s=01&t=0,测试分析师,五险一金 补充医疗保险 补充公积金 员工旅游 通讯补贴 专业培训 绩效奖金 年终奖金 弹性工作,0.8-1万/月,12-16,深圳-罗湖区
"深圳-罗湖区,在校生/应届生,本科,招2人",https://jobs.51job.com/all/co5762065.html,购乐贸易（深圳）有限公司,民营公司,https://jobs.51job.com/shenzhen-lhq/122668702.html?s=01&t=0,人脸识别工程师包住五险,五险一金 补充公积金 交通补贴 餐饮补贴 员工旅游 绩效奖金 年终奖金 定期体检,0.8-1万/月,12-16,深圳-罗湖区
"深圳-罗湖区,在校生/应届生,本科,招2人",https://jobs.51job.com/all/co5762065.html,购乐贸易（深圳）有限公司,民营公司,https://jobs.51job.com/shenzhen-lhq/122459847.html?s=01&t=0,人脸识别工程师包住五险,五险一金 补充公积金 交通补贴 餐饮补贴 员工旅游 绩效奖金 年终奖金 定期体检,0.8-1万/月,12-16,深圳-罗湖区
"深圳-龙岗区,无需经验,大专,招3人",https://jobs.51job.com/all/co6092369.html,深圳抖屏科技有限公司,民营公司,https://jobs.51job.com/shenzhen-lgq/127470943.html?s=01&t=0,人体姿态识别技术岗包吃住,周末双休 个人奖金 五险一金 补充公积金 交通补贴 餐饮补贴 通讯补贴 年终奖金 绩效奖金 定期体检,0.8-1万/月,12-16,深圳-龙岗区
"深圳,3-4年经验,本科,招15人",https://jobs.51job.com/all/co123056.html,深圳市腾讯计算机系统有限公司,民营公司,https://jobs.51job.com/shenzhen/125724741.html?s=01&t=0,26699-智慧零售数据中心后台开发工程师,,,12-16,深圳
"深圳,3-4年经验,本科,招4人",https://jobs.51job.com/all/co123056.html,深圳市腾讯计算机系统有限公司,民营公司,https://jobs.51job.com/shenzhen/125724737.html?s=01&t=0,26699-智慧零售数据中心后台开发工程师,,,12-16,深圳
"深圳-南山区,无需经验,大专,招3人",https://jobs.51job.com/all/co6113880.html,成都优格瑞得科技有限公司,民营公司,https://jobs.51job.com/shenzhen-nsq/126235817.html?s=01&t=0,数据分析工程师（双休+14薪）,五险一金 绩效奖金 项目奖金 14薪 弹性工作 周末双休 员工旅游 大牛带队,4-8千/月,12-16,深圳-南山区
"深圳,2年经验,本科,招若干人",https://jobs.51job.com/all/co2829670.html,深圳市万全智策企业管理咨询服务股份有限公司,民营公司,https://jobs.51job.com/shenzhen/121189548.html?s=01&t=0,数据挖掘工程师（舆情监控方向）,五险一金 员工旅游 绩效奖金 餐饮补贴 专业培训 年终奖金 下午茶 生日会,1-2.5万/月,12-15,深圳
"深圳-福田区,1年经验,本科,招1人",https://jobs.51job.com/all/co3922972.html,深圳市亚势力广告有限公司,民营公司,https://jobs.51job.com/shenzhen-ftq/115449180.html?s=01&t=0,PHP开发工程师,五险一金 定期体检 弹性工作 员工旅游 年终奖金 节日福利 节日慰问金 祝贺慰问金 不定期聚餐 下午餐,1-1.5万/月,12-15,深圳-福田区
"深圳-龙岗区,1年经验,本科,招2人",https://jobs.51job.com/all/co4642973.html,深圳市海拓创新科技有限公司,民营公司,https://jobs.51job.com/shenzhen-lgq/126001771.html?s=01&t=0,IT技术支持,专业培训 员工旅游 年终奖金 弹性工作 全勤奖 下午茶 公司聚餐 定期体检 社保补贴,1.2-1.5万/月,12-15,深圳-龙岗区
"深圳-宝安区,1年经验,大专,招2人",https://jobs.51job.com/all/co6092369.html,深圳抖屏科技有限公司,民营公司,https://jobs.51job.com/shenzhen-baq/126229040.html?s=01&t=0,数据分析/挖掘无人驾驶方向,五险一金 交通补贴 绩效奖金 年终奖金 餐饮补贴 补充公积金 通讯补贴 股票期权 定期体检 团建旅游,0.8-1万/月,12-15,深圳-宝安区
"深圳-南山区,3-4年经验,本科,招2人",https://jobs.51job.com/all/co4254486.html,深圳金蝶账无忧网络科技有限公司,民营公司,https://jobs.51job.com/shenzhen-nsq/121355311.html?s=01&t=0,Web前端开发工程师,,1.3-2万/月,12-15,深圳-南山区
"深圳,3-4年经验,本科,招1人",https://jobs.51job.com/all/co2995636.html,深圳市捷晶能源科技有限公司,民营公司,https://jobs.51job.com/shenzhen/127580143.html?s=01&t=0,信息专员,五险一金 节日福利 专业培训 年度体检 年终奖金 周末双休 餐饮补贴,0.8-1.5万/月,12-14,深圳
"深圳,在校生/应届生,本科,招2人",https://jobs.51job.com/all/co2284185.html,深圳市乐思软件技术有限公司,民营公司,https://jobs.51job.com/shenzhen/80008518.html?s=01&t=0,PHP开发工程师（应届）,五险一金 绩效奖金 定期体检 员工旅游 补充医疗保险 通讯补贴 出国机会 年终奖金,8-9千/月,12-14,深圳
"深圳-南山区,3-4年经验,本科,招2人",https://jobs.51job.com/all/co6240664.html,深圳金蝶账无忧网络科技有限公司,民营公司,https://jobs.51job.com/shenzhen-nsq/127587605.html?s=01&t=0,Web前端开发工程师,五险一金 免费班车 员工旅游 专业培训 弹性工作 年终奖金,1.3-2万/月,12-13,深圳-南山区
"深圳-南山区,在校生/应届生,大专,招若干人",https://jobs.51job.com/all/co6209470.html,深圳点猫科技有限公司,民营公司,https://jobs.51job.com/shenzhen-nsq/127293990.html?s=01&t=0,少儿编程实习老师（提供转正机会）,带薪年假 五险一金 节日福利 专业培训 绩效奖金 年终奖金 餐饮补贴 员工旅游,6-8千/月,12-12,深圳-南山区
"深圳-南山区,2年经验,本科,招若干人",https://jobs.51job.com/all/co4171389.html,风变科技（深圳）有限公司,民营公司,https://jobs.51job.com/shenzhen-nsq/121697972.html?s=01&t=0,课程内容研发-技术方向,,0.8-1.5万/月,12-10,深圳-南山区
"深圳-南山区,3-4年经验,本科,招1人",https://jobs.51job.com/all/co4171389.html,风变科技（深圳）有限公司,民营公司,https://jobs.51job.com/shenzhen-nsq/121910934.html?s=01&t=0,教研员（技术方向）,五险一金 餐饮补贴 弹性工作 交通补贴,1-2万/月,12-10,深圳-南山区
"深圳-南山区,3-4年经验,本科,招2人",https://jobs.51job.com/all/co4171389.html,风变科技（深圳）有限公司,民营公司,https://jobs.51job.com/shenzhen-nsq/122363561.html?s=01&t=0,教研员（技术方向）,五险一金 餐饮补贴 弹性工作 交通补贴,1-2万/月,12-10,深圳-南山区
"深圳-龙岗区,3-4年经验,本科,招1人",https://jobs.51job.com/all/co2190894.html,深圳市泽宝创新技术有限公司,民营公司,https://jobs.51job.com/shenzhen-lgq/123290137.html?s=01&t=0,数据分析师,五险一金 员工旅游 弹性工作 定期体检 年终奖金 专业培训,1.3-2万/月,12-10,深圳-龙岗区
"深圳-龙华区,1年经验,本科,招1人",https://jobs.51job.com/all/co5604418.html,雷特网络科技有限公司,民营公司,https://jobs.51job.com/shenzhen-lhq/125403913.html?s=01&t=0,高级数据分析师,五险一金 员工旅游 专业培训 绩效奖金 年终奖金 股票期权 弹性工作 老板nice 下午茶 每月团建,2-3万/月,12-09,深圳-龙华区
"深圳,8-9年经验,本科,招若干人",https://jobs.51job.com/all/co6174540.html,深圳吉吉国际供应链有限公司,合资,https://jobs.51job.com/shenzhen/126723546.html?s=01&t=0,高级JAVA后端工程师,,2-3.5万/月,11-21,深圳
"深圳-龙岗区,2年经验,大专,招2人",https://jobs.51job.com/all/co6053700.html,深圳市付讯科技有限公司,民营公司,https://jobs.51job.com/shenzhen-lgq/126408478.html?s=01&t=0,软件开发产品经理,五险一金 绩效奖金 员工旅游 年终奖金 带薪年假 周末双休 地铁周边 甲级写字楼,0.8-1万/月,11-18,深圳-龙岗区
"深圳-福田区,无需经验,大专,招5人",https://jobs.51job.com/all/co6092118.html,深圳市智博学教育咨询有限公司,民营公司,https://jobs.51job.com/shenzhen-ftq/125659660.html?s=01&t=0,游戏测试工程师7K起,,0.8-1万/月,11-10,深圳-福田区
"深圳-罗湖区,无需经验,大专,招5人",https://jobs.51job.com/all/co6092118.html,深圳市智博学教育咨询有限公司,民营公司,https://jobs.51job.com/shenzhen-lhq/125659508.html?s=01&t=0,游戏测试工程师7K起,,1-1.5万/月,11-10,深圳-罗湖区
"深圳-龙华区,无需经验,本科,招3人",https://jobs.51job.com/all/co6058440.html,深圳市尚道咨询管理有限公司,民营公司,https://jobs.51job.com/shenzhen-lhq/125162857.html?s=01&t=0,机器人测试工程师,五险一金 弹性工作 年终奖金,0.8-1万/月,10-23,深圳-龙华区
"深圳-南山区,无需经验,本科,招3人",https://jobs.51job.com/all/co6058440.html,深圳市尚道咨询管理有限公司,民营公司,https://jobs.51job.com/shenzhen-nsq/125162826.html?s=01&t=0,机器人研发工程师,五险一金 弹性工作 年终奖金,0.8-1万/月,10-23,深圳-南山区
"深圳-龙华区,无需经验,大专,招3人",https://jobs.51job.com/all/co6058440.html,深圳市尚道咨询管理有限公司,民营公司,https://jobs.51job.com/shenzhen-lhq/125164373.html?s=01&t=0,AI数据分析人工智能师,五险一金 弹性工作 年终奖金,1-1.5万/月,10-23,深圳-龙华区
"深圳-南山区,无需经验,大专,招3人",https://jobs.51job.com/all/co6058440.html,深圳市尚道咨询管理有限公司,民营公司,https://jobs.51job.com/shenzhen-nsq/125164303.html?s=01&t=0,AI数据分析,五险一金 弹性工作 年终奖金,1-1.5万/月,10-23,深圳-南山区
"深圳-龙华区,无需经验,大专,招3人",https://jobs.51job.com/all/co6058440.html,深圳市尚道咨询管理有限公司,民营公司,https://jobs.51job.com/shenzhen-lhq/125164027.html?s=01&t=0,全栈工程师月薪8至12K,五险一金 弹性工作 年终奖金,0.8-1万/月,10-23,深圳-龙华区
"深圳-龙岗区,无需经验,大专,招3人",https://jobs.51job.com/all/co6058440.html,深圳市尚道咨询管理有限公司,民营公司,https://jobs.51job.com/shenzhen-lgq/125163932.html?s=01&t=0,全栈工程师月薪8至12K,五险一金 弹性工作 年终奖金,0.8-1万/月,10-23,深圳-龙岗区
